,INDICATOR,PANEL,PANEL_NUM,UNIT,UNIT_NUM,STUB_NAME,STUB_NAME_NUM,STUB_LABEL,STUB_LABEL_NUM,YEAR,YEAR_NUM,AGE,AGE_NUM,ESTIMATE,FLAG
0,Drug overdose death rates,All drug overdose deaths,0,"Deaths per 100,000 resident population, age-adjusted",1,Total,0,All persons,0.1,1999,1,All ages,1.1,6.1,
1,Drug overdose death rates,All drug overdose deaths,0,"Deaths per 100,000 resident population, age-adjusted",1,Total,0,All persons,0.1,2000,2,All ages,1.1,6.2,
2,Drug overdose death rates,All drug overdose deaths,0,"Deaths per 100,000 resident population, age-adjusted",1,Total,0,All persons,0.1,2001,3,All ages,1.1,6.8,
3,Drug overdose death rates,All drug overdose deaths,0,"Deaths per 100,000 resident population, age-adjusted",1,Total,0,All persons,0.1,2002,4,All ages,1.1,8.2,
4,Drug overdose death rates,All drug overdose deaths,0,"Deaths per 100,000 resident population, age-adjusted",1,Total,0,All persons,0.1,2003,5,All ages,1.1,8.9,
5,Drug overdose death rates,All drug overdose deaths,0,"Deaths per 100,000 resident population, age-adjusted",1,Total,0,All persons,0.1,2004,6,All ages,1.1,9.4,
6,Drug overdose death rates,All drug overdose deaths,0,"Deaths per 100,000 resident population, age-adjusted",1,Total,0,All persons,0.1,2005,7,All ages,1.1,10.1,
7,Drug overdose death rates,All drug overdose deaths,0,"Deaths per 100,000 resident population, age-adjusted",1,Total,0,All persons,0.1,2006,8,All ages,1.1,11.5,
8,Drug overdose death rates,All drug overdose deaths,0,"Deaths per 100,000 resident population, age-adjusted",1,Total,0,All persons,0.1,2007,9,All ages,1.1,11.9,
9,Drug overdose death rates,All drug overdose deaths,0,"Deaths per 100,000 resident population, age-adjusted",1,Total,0,All persons,0.1,2008,10,All ages,1.1,11.9,
10,Drug overdose death rates,All drug overdose deaths,0,"Deaths per 100,000 resident population, age-adjusted",1,Total,0,All persons,0.1,2009,11,All ages,1.1,11.9,
11,Drug overdose death rates,All drug overdose deaths,0,"Deaths per 100,000 resident population, age-adjusted",1,Total,0,All persons,0.1,2010,12,All ages,1.1,12.3,
12,Drug overdose death rates,All drug overdose deaths,0,"Deaths per 100,000 resident population, age-adjusted",1,Total,0,All persons,0.1,2011,13,All ages,1.1,13.2,
13,Drug overdose death rates,All drug overdose deaths,0,"Deaths per 100,000 resident population, age-adjusted",1,Total,0,All persons,0.1,2012,14,All ages,1.1,13.1,
14,Drug overdose death rates,All drug overdose deaths,0,"Deaths per 100,000 resident population, age-adjusted",1,Total,0,All persons,0.1,2013,15,All ages,1.1,13.8,
15,Drug overdose death rates,All drug overdose deaths,0,"Deaths per 100,000 resident population, age-adjusted",1,Total,0,All persons,0.1,2014,16,All ages,1.1,14.7,
16,Drug overdose death rates,All drug overdose deaths,0,"Deaths per 100,000 resident population, age-adjusted",1,Total,0,All persons,0.1,2015,17,All ages,1.1,16.3,
17,Drug overdose death rates,All drug overdose deaths,0,"Deaths per 100,000 resident population, age-adjusted",1,Total,0,All persons,0.1,2016,18,All ages,1.1,19.8,
18,Drug overdose death rates,All drug overdose deaths,0,"Deaths per 100,000 resident population, age-adjusted",1,Total,0,All persons,0.1,2017,19,All ages,1.1,21.7,
294,Drug overdose death rates,All drug overdose deaths,0,"Deaths per 100,000 resident population, crude",2,Total,0,All persons,0.1,2006,8,All ages,1.1,11.5,
420,Drug overdose death rates,All drug overdose deaths,0,"Deaths per 100,000 resident population, crude",2,Total,0,All persons,0.1,1999,1,All ages,1.1,6.0,
421,Drug overdose death rates,All drug overdose deaths,0,"Deaths per 100,000 resident population, crude",2,Total,0,All persons,0.1,2000,2,All ages,1.1,6.2,
422,Drug overdose death rates,All drug overdose deaths,0,"Deaths per 100,000 resident population, crude",2,Total,0,All persons,0.1,2001,3,All ages,1.1,6.8,
423,Drug overdose death rates,All drug overdose deaths,0,"Deaths per 100,000 resident population, crude",2,Total,0,All persons,0.1,2002,4,All ages,1.1,8.2,
424,Drug overdose death rates,All drug overdose deaths,0,"Deaths per 100,000 resident population, crude",2,Total,0,All persons,0.1,2003,5,All ages,1.1,8.9,
425,Drug overdose death rates,All drug overdose deaths,0,"Deaths per 100,000 resident population, crude",2,Total,0,All persons,0.1,2004,6,All ages,1.1,9.4,
426,Drug overdose death rates,All drug overdose deaths,0,"Deaths per 100,000 resident population, crude",2,Total,0,All persons,0.1,2005,7,All ages,1.1,10.1,
427,Drug overdose death rates,All drug overdose deaths,0,"Deaths per 100,000 resident population, crude",2,Total,0,All persons,0.1,2007,9,All ages,1.1,12.0,
428,Drug overdose death rates,All drug overdose deaths,0,"Deaths per 100,000 resident population, crude",2,Total,0,All persons,0.1,2008,10,All ages,1.1,12.0,
429,Drug overdose death rates,All drug overdose deaths,0,"Deaths per 100,000 resident population, crude",2,Total,0,All persons,0.1,2009,11,All ages,1.1,12.1,
430,Drug overdose death rates,All drug overdose deaths,0,"Deaths per 100,000 resident population, crude",2,Total,0,All persons,0.1,2010,12,All ages,1.1,12.4,
431,Drug overdose death rates,All drug overdose deaths,0,"Deaths per 100,000 resident population, crude",2,Total,0,All persons,0.1,2011,13,All ages,1.1,13.3,
432,Drug overdose death rates,All drug overdose deaths,0,"Deaths per 100,000 resident population, crude",2,Total,0,All persons,0.1,2012,14,All ages,1.1,13.2,
433,Drug overdose death rates,All drug overdose deaths,0,"Deaths per 100,000 resident population, crude",2,Total,0,All persons,0.1,2013,15,All ages,1.1,13.9,
434,Drug overdose death rates,All drug overdose deaths,0,"Deaths per 100,000 resident population, crude",2,Total,0,All persons,0.1,2014,16,All ages,1.1,14.8,
435,Drug overdose death rates,All drug overdose deaths,0,"Deaths per 100,000 resident population, crude",2,Total,0,All persons,0.1,2015,17,All ages,1.1,16.3,
436,Drug overdose death rates,All drug overdose deaths,0,"Deaths per 100,000 resident population, crude",2,Total,0,All persons,0.1,2016,18,All ages,1.1,19.7,
437,Drug overdose death rates,All drug overdose deaths,0,"Deaths per 100,000 resident population, crude",2,Total,0,All persons,0.1,2017,19,All ages,1.1,21.6,
987,Drug overdose death rates,Drug overdose deaths involving any opioid,1,"Deaths per 100,000 resident population, age-adjusted",1,Total,0,All persons,0.1,1999,1,All ages,1.1,2.9,
988,Drug overdose death rates,Drug overdose deaths involving any opioid,1,"Deaths per 100,000 resident population, age-adjusted",1,Total,0,All persons,0.1,2000,2,All ages,1.1,3.0,
989,Drug overdose death rates,Drug overdose deaths involving any opioid,1,"Deaths per 100,000 resident population, age-adjusted",1,Total,0,All persons,0.1,2001,3,All ages,1.1,3.3,
990,Drug overdose death rates,Drug overdose deaths involving any opioid,1,"Deaths per 100,000 resident population, age-adjusted",1,Total,0,All persons,0.1,2002,4,All ages,1.1,4.1,
991,Drug overdose death rates,Drug overdose deaths involving any opioid,1,"Deaths per 100,000 resident population, age-adjusted",1,Total,0,All persons,0.1,2003,5,All ages,1.1,4.5,
992,Drug overdose death rates,Drug overdose deaths involving any opioid,1,"Deaths per 100,000 resident population, age-adjusted",1,Total,0,All persons,0.1,2004,6,All ages,1.1,4.7,
993,Drug overdose death rates,Drug overdose deaths involving any opioid,1,"Deaths per 100,000 resident population, age-adjusted",1,Total,0,All persons,0.1,2005,7,All ages,1.1,5.1,
994,Drug overdose death rates,Drug overdose deaths involving any opioid,1,"Deaths per 100,000 resident population, age-adjusted",1,Total,0,All persons,0.1,2006,8,All ages,1.1,5.9,
995,Drug overdose death rates,Drug overdose deaths involving any opioid,1,"Deaths per 100,000 resident population, age-adjusted",1,Total,0,All persons,0.1,2007,9,All ages,1.1,6.1,
996,Drug overdose death rates,Drug overdose deaths involving any opioid,1,"Deaths per 100,000 resident population, age-adjusted",1,Total,0,All persons,0.1,2008,10,All ages,1.1,6.4,
997,Drug overdose death rates,Drug overdose deaths involving any opioid,1,"Deaths per 100,000 resident population, age-adjusted",1,Total,0,All persons,0.1,2009,11,All ages,1.1,6.6,
998,Drug overdose death rates,Drug overdose deaths involving any opioid,1,"Deaths per 100,000 resident population, age-adjusted",1,Total,0,All persons,0.1,2010,12,All ages,1.1,6.8,
999,Drug overdose death rates,Drug overdose deaths involving any opioid,1,"Deaths per 100,000 resident population, age-adjusted",1,Total,0,All persons,0.1,2011,13,All ages,1.1,7.3,
1000,Drug overdose death rates,Drug overdose deaths involving any opioid,1,"Deaths per 100,000 resident population, age-adjusted",1,Total,0,All persons,0.1,2012,14,All ages,1.1,7.4,
1001,Drug overdose death rates,Drug overdose deaths involving any opioid,1,"Deaths per 100,000 resident population, age-adjusted",1,Total,0,All persons,0.1,2013,15,All ages,1.1,7.9,
1002,Drug overdose death rates,Drug overdose deaths involving any opioid,1,"Deaths per 100,000 resident population, age-adjusted",1,Total,0,All persons,0.1,2014,16,All ages,1.1,9.0,
1003,Drug overdose death rates,Drug overdose deaths involving any opioid,1,"Deaths per 100,000 resident population, age-adjusted",1,Total,0,All persons,0.1,2015,17,All ages,1.1,10.4,
1004,Drug overdose death rates,Drug overdose deaths involving any opioid,1,"Deaths per 100,000 resident population, age-adjusted",1,Total,0,All persons,0.1,2016,18,All ages,1.1,13.3,
1005,Drug overdose death rates,Drug overdose deaths involving any opioid,1,"Deaths per 100,000 resident population, age-adjusted",1,Total,0,All persons,0.1,2017,19,All ages,1.1,14.9,
1409,Drug overdose death rates,Drug overdose deaths involving any opioid,1,"Deaths per 100,000 resident population, crude",2,Total,0,All persons,0.1,1999,1,All ages,1.1,2.9,
1410,Drug overdose death rates,Drug overdose deaths involving any opioid,1,"Deaths per 100,000 resident population, crude",2,Total,0,All persons,0.1,2000,2,All ages,1.1,3.0,
1411,Drug overdose death rates,Drug overdose deaths involving any opioid,1,"Deaths per 100,000 resident population, crude",2,Total,0,All persons,0.1,2001,3,All ages,1.1,3.3,
1412,Drug overdose death rates,Drug overdose deaths involving any opioid,1,"Deaths per 100,000 resident population, crude",2,Total,0,All persons,0.1,2002,4,All ages,1.1,4.1,
1413,Drug overdose death rates,Drug overdose deaths involving any opioid,1,"Deaths per 100,000 resident population, crude",2,Total,0,All persons,0.1,2003,5,All ages,1.1,4.5,
1414,Drug overdose death rates,Drug overdose deaths involving any opioid,1,"Deaths per 100,000 resident population, crude",2,Total,0,All persons,0.1,2004,6,All ages,1.1,4.7,
1415,Drug overdose death rates,Drug overdose deaths involving any opioid,1,"Deaths per 100,000 resident population, crude",2,Total,0,All persons,0.1,2005,7,All ages,1.1,5.0,
1416,Drug overdose death rates,Drug overdose deaths involving any opioid,1,"Deaths per 100,000 resident population, crude",2,Total,0,All persons,0.1,2006,8,All ages,1.1,5.9,
1417,Drug overdose death rates,Drug overdose deaths involving any opioid,1,"Deaths per 100,000 resident population, crude",2,Total,0,All persons,0.1,2007,9,All ages,1.1,6.1,
1418,Drug overdose death rates,Drug overdose deaths involving any opioid,1,"Deaths per 100,000 resident population, crude",2,Total,0,All persons,0.1,2008,10,All ages,1.1,6.4,
1419,Drug overdose death rates,Drug overdose deaths involving any opioid,1,"Deaths per 100,000 resident population, crude",2,Total,0,All persons,0.1,2009,11,All ages,1.1,6.7,
1420,Drug overdose death rates,Drug overdose deaths involving any opioid,1,"Deaths per 100,000 resident population, crude",2,Total,0,All persons,0.1,2010,12,All ages,1.1,6.8,
1421,Drug overdose death rates,Drug overdose deaths involving any opioid,1,"Deaths per 100,000 resident population, crude",2,Total,0,All persons,0.1,2011,13,All ages,1.1,7.3,
1422,Drug overdose death rates,Drug overdose deaths involving any opioid,1,"Deaths per 100,000 resident population, crude",2,Total,0,All persons,0.1,2012,14,All ages,1.1,7.4,
1423,Drug overdose death rates,Drug overdose deaths involving any opioid,1,"Deaths per 100,000 resident population, crude",2,Total,0,All persons,0.1,2013,15,All ages,1.1,7.9,
1424,Drug overdose death rates,Drug overdose deaths involving any opioid,1,"Deaths per 100,000 resident population, crude",2,Total,0,All persons,0.1,2014,16,All ages,1.1,9.0,
1425,Drug overdose death rates,Drug overdose deaths involving any opioid,1,"Deaths per 100,000 resident population, crude",2,Total,0,All persons,0.1,2015,17,All ages,1.1,10.3,
1426,Drug overdose death rates,Drug overdose deaths involving any opioid,1,"Deaths per 100,000 resident population, crude",2,Total,0,All persons,0.1,2016,18,All ages,1.1,13.1,
1427,Drug overdose death rates,Drug overdose deaths involving any opioid,1,"Deaths per 100,000 resident population, crude",2,Total,0,All persons,0.1,2017,19,All ages,1.1,14.6,
1974,Drug overdose death rates,Drug overdose deaths involving natural and semisynthetic opioids,2,"Deaths per 100,000 resident population, age-adjusted",1,Total,0,All persons,0.1,1999,1,All ages,1.1,1.0,
1975,Drug overdose death rates,Drug overdose deaths involving natural and semisynthetic opioids,2,"Deaths per 100,000 resident population, age-adjusted",1,Total,0,All persons,0.1,2000,2,All ages,1.1,1.0,
1976,Drug overdose death rates,Drug overdose deaths involving natural and semisynthetic opioids,2,"Deaths per 100,000 resident population, age-adjusted",1,Total,0,All persons,0.1,2001,3,All ages,1.1,1.2,
1977,Drug overdose death rates,Drug overdose deaths involving natural and semisynthetic opioids,2,"Deaths per 100,000 resident population, age-adjusted",1,Total,0,All persons,0.1,2002,4,All ages,1.1,1.5,
1978,Drug overdose death rates,Drug overdose deaths involving natural and semisynthetic opioids,2,"Deaths per 100,000 resident population, age-adjusted",1,Total,0,All persons,0.1,2003,5,All ages,1.1,1.7,
1979,Drug overdose death rates,Drug overdose deaths involving natural and semisynthetic opioids,2,"Deaths per 100,000 resident population, age-adjusted",1,Total,0,All persons,0.1,2004,6,All ages,1.1,1.8,
1980,Drug overdose death rates,Drug overdose deaths involving natural and semisynthetic opioids,2,"Deaths per 100,000 resident population, age-adjusted",1,Total,0,All persons,0.1,2005,7,All ages,1.1,1.9,
1981,Drug overdose death rates,Drug overdose deaths involving natural and semisynthetic opioids,2,"Deaths per 100,000 resident population, age-adjusted",1,Total,0,All persons,0.1,2006,8,All ages,1.1,2.3,
1982,Drug overdose death rates,Drug overdose deaths involving natural and semisynthetic opioids,2,"Deaths per 100,000 resident population, age-adjusted",1,Total,0,All persons,0.1,2007,9,All ages,1.1,2.7,
1983,Drug overdose death rates,Drug overdose deaths involving natural and semisynthetic opioids,2,"Deaths per 100,000 resident population, age-adjusted",1,Total,0,All persons,0.1,2008,10,All ages,1.1,3.0,
1984,Drug overdose death rates,Drug overdose deaths involving natural and semisynthetic opioids,2,"Deaths per 100,000 resident population, age-adjusted",1,Total,0,All persons,0.1,2009,11,All ages,1.1,3.1,
1985,Drug overdose death rates,Drug overdose deaths involving natural and semisynthetic opioids,2,"Deaths per 100,000 resident population, age-adjusted",1,Total,0,All persons,0.1,2010,12,All ages,1.1,3.5,
1986,Drug overdose death rates,Drug overdose deaths involving natural and semisynthetic opioids,2,"Deaths per 100,000 resident population, age-adjusted",1,Total,0,All persons,0.1,2011,13,All ages,1.1,3.7,
1987,Drug overdose death rates,Drug overdose deaths involving natural and semisynthetic opioids,2,"Deaths per 100,000 resident population, age-adjusted",1,Total,0,All persons,0.1,2012,14,All ages,1.1,3.5,
1988,Drug overdose death rates,Drug overdose deaths involving natural and semisynthetic opioids,2,"Deaths per 100,000 resident population, age-adjusted",1,Total,0,All persons,0.1,2013,15,All ages,1.1,3.5,
1989,Drug overdose death rates,Drug overdose deaths involving natural and semisynthetic opioids,2,"Deaths per 100,000 resident population, age-adjusted",1,Total,0,All persons,0.1,2014,16,All ages,1.1,3.8,
1990,Drug overdose death rates,Drug overdose deaths involving natural and semisynthetic opioids,2,"Deaths per 100,000 resident population, age-adjusted",1,Total,0,All persons,0.1,2015,17,All ages,1.1,3.9,
1991,Drug overdose death rates,Drug overdose deaths involving natural and semisynthetic opioids,2,"Deaths per 100,000 resident population, age-adjusted",1,Total,0,All persons,0.1,2016,18,All ages,1.1,4.4,
1992,Drug overdose death rates,Drug overdose deaths involving natural and semisynthetic opioids,2,"Deaths per 100,000 resident population, age-adjusted",1,Total,0,All persons,0.1,2017,19,All ages,1.1,4.4,
2366,Drug overdose death rates,Drug overdose deaths involving methadone,3,"Deaths per 100,000 resident population, age-adjusted",1,Total,0,All persons,0.1,2002,4,All ages,1.1,0.8,
2393,Drug overdose death rates,Drug overdose deaths involving natural and semisynthetic opioids,2,"Deaths per 100,000 resident population, crude",2,Total,0,All persons,0.1,1999,1,All ages,1.1,1.0,
2394,Drug overdose death rates,Drug overdose deaths involving natural and semisynthetic opioids,2,"Deaths per 100,000 resident population, crude",2,Total,0,All persons,0.1,2000,2,All ages,1.1,1.0,
2395,Drug overdose death rates,Drug overdose deaths involving natural and semisynthetic opioids,2,"Deaths per 100,000 resident population, crude",2,Total,0,All persons,0.1,2001,3,All ages,1.1,1.2,
2396,Drug overdose death rates,Drug overdose deaths involving natural and semisynthetic opioids,2,"Deaths per 100,000 resident population, crude",2,Total,0,All persons,0.1,2002,4,All ages,1.1,1.5,
2397,Drug overdose death rates,Drug overdose deaths involving natural and semisynthetic opioids,2,"Deaths per 100,000 resident population, crude",2,Total,0,All persons,0.1,2003,5,All ages,1.1,1.7,
2398,Drug overdose death rates,Drug overdose deaths involving natural and semisynthetic opioids,2,"Deaths per 100,000 resident population, crude",2,Total,0,All persons,0.1,2004,6,All ages,1.1,1.8,
2399,Drug overdose death rates,Drug overdose deaths involving natural and semisynthetic opioids,2,"Deaths per 100,000 resident population, crude",2,Total,0,All persons,0.1,2005,7,All ages,1.1,2.0,
2400,Drug overdose death rates,Drug overdose deaths involving natural and semisynthetic opioids,2,"Deaths per 100,000 resident population, crude",2,Total,0,All persons,0.1,2006,8,All ages,1.1,2.4,
2401,Drug overdose death rates,Drug overdose deaths involving natural and semisynthetic opioids,2,"Deaths per 100,000 resident population, crude",2,Total,0,All persons,0.1,2007,9,All ages,1.1,2.7,
2402,Drug overdose death rates,Drug overdose deaths involving natural and semisynthetic opioids,2,"Deaths per 100,000 resident population, crude",2,Total,0,All persons,0.1,2008,10,All ages,1.1,3.0,
2403,Drug overdose death rates,Drug overdose deaths involving natural and semisynthetic opioids,2,"Deaths per 100,000 resident population, crude",2,Total,0,All persons,0.1,2009,11,All ages,1.1,3.2,
2404,Drug overdose death rates,Drug overdose deaths involving natural and semisynthetic opioids,2,"Deaths per 100,000 resident population, crude",2,Total,0,All persons,0.1,2010,12,All ages,1.1,3.5,
2405,Drug overdose death rates,Drug overdose deaths involving natural and semisynthetic opioids,2,"Deaths per 100,000 resident population, crude",2,Total,0,All persons,0.1,2011,13,All ages,1.1,3.8,
2406,Drug overdose death rates,Drug overdose deaths involving natural and semisynthetic opioids,2,"Deaths per 100,000 resident population, crude",2,Total,0,All persons,0.1,2012,14,All ages,1.1,3.5,
2407,Drug overdose death rates,Drug overdose deaths involving natural and semisynthetic opioids,2,"Deaths per 100,000 resident population, crude",2,Total,0,All persons,0.1,2013,15,All ages,1.1,3.6,
2408,Drug overdose death rates,Drug overdose deaths involving natural and semisynthetic opioids,2,"Deaths per 100,000 resident population, crude",2,Total,0,All persons,0.1,2014,16,All ages,1.1,3.8,
2409,Drug overdose death rates,Drug overdose deaths involving natural and semisynthetic opioids,2,"Deaths per 100,000 resident population, crude",2,Total,0,All persons,0.1,2015,17,All ages,1.1,4.0,
2410,Drug overdose death rates,Drug overdose deaths involving natural and semisynthetic opioids,2,"Deaths per 100,000 resident population, crude",2,Total,0,All persons,0.1,2016,18,All ages,1.1,4.5,
2411,Drug overdose death rates,Drug overdose deaths involving natural and semisynthetic opioids,2,"Deaths per 100,000 resident population, crude",2,Total,0,All persons,0.1,2017,19,All ages,1.1,4.5,
2962,Drug overdose death rates,Drug overdose deaths involving methadone,3,"Deaths per 100,000 resident population, age-adjusted",1,Total,0,All persons,0.1,1999,1,All ages,1.1,0.3,
2963,Drug overdose death rates,Drug overdose deaths involving methadone,3,"Deaths per 100,000 resident population, age-adjusted",1,Total,0,All persons,0.1,2000,2,All ages,1.1,0.4,
2964,Drug overdose death rates,Drug overdose deaths involving methadone,3,"Deaths per 100,000 resident population, age-adjusted",1,Total,0,All persons,0.1,2001,3,All ages,1.1,0.5,
2965,Drug overdose death rates,Drug overdose deaths involving methadone,3,"Deaths per 100,000 resident population, age-adjusted",1,Total,0,All persons,0.1,2003,5,All ages,1.1,1.0,
2966,Drug overdose death rates,Drug overdose deaths involving methadone,3,"Deaths per 100,000 resident population, age-adjusted",1,Total,0,All persons,0.1,2004,6,All ages,1.1,1.3,
2967,Drug overdose death rates,Drug overdose deaths involving methadone,3,"Deaths per 100,000 resident population, age-adjusted",1,Total,0,All persons,0.1,2005,7,All ages,1.1,1.5,
2968,Drug overdose death rates,Drug overdose deaths involving methadone,3,"Deaths per 100,000 resident population, age-adjusted",1,Total,0,All persons,0.1,2006,8,All ages,1.1,1.8,
2969,Drug overdose death rates,Drug overdose deaths involving methadone,3,"Deaths per 100,000 resident population, age-adjusted",1,Total,0,All persons,0.1,2007,9,All ages,1.1,1.8,
2970,Drug overdose death rates,Drug overdose deaths involving methadone,3,"Deaths per 100,000 resident population, age-adjusted",1,Total,0,All persons,0.1,2008,10,All ages,1.1,1.6,
2971,Drug overdose death rates,Drug overdose deaths involving methadone,3,"Deaths per 100,000 resident population, age-adjusted",1,Total,0,All persons,0.1,2009,11,All ages,1.1,1.5,
2972,Drug overdose death rates,Drug overdose deaths involving methadone,3,"Deaths per 100,000 resident population, age-adjusted",1,Total,0,All persons,0.1,2010,12,All ages,1.1,1.5,
2973,Drug overdose death rates,Drug overdose deaths involving methadone,3,"Deaths per 100,000 resident population, age-adjusted",1,Total,0,All persons,0.1,2011,13,All ages,1.1,1.4,
2974,Drug overdose death rates,Drug overdose deaths involving methadone,3,"Deaths per 100,000 resident population, age-adjusted",1,Total,0,All persons,0.1,2012,14,All ages,1.1,1.2,
2975,Drug overdose death rates,Drug overdose deaths involving methadone,3,"Deaths per 100,000 resident population, age-adjusted",1,Total,0,All persons,0.1,2013,15,All ages,1.1,1.1,
2976,Drug overdose death rates,Drug overdose deaths involving methadone,3,"Deaths per 100,000 resident population, age-adjusted",1,Total,0,All persons,0.1,2014,16,All ages,1.1,1.1,
2977,Drug overdose death rates,Drug overdose deaths involving methadone,3,"Deaths per 100,000 resident population, age-adjusted",1,Total,0,All persons,0.1,2015,17,All ages,1.1,1.0,
2978,Drug overdose death rates,Drug overdose deaths involving methadone,3,"Deaths per 100,000 resident population, age-adjusted",1,Total,0,All persons,0.1,2016,18,All ages,1.1,1.0,
2979,Drug overdose death rates,Drug overdose deaths involving methadone,3,"Deaths per 100,000 resident population, age-adjusted",1,Total,0,All persons,0.1,2017,19,All ages,1.1,1.0,
3217,Drug overdose death rates,Drug overdose deaths involving methadone,3,"Deaths per 100,000 resident population, crude",2,Total,0,All persons,0.1,2014,16,All ages,1.1,1.1,
3317,Drug overdose death rates,Drug overdose deaths involving methadone,3,"Deaths per 100,000 resident population, crude",2,Total,0,All persons,0.1,2015,17,All ages,1.1,1.0,
3380,Drug overdose death rates,Drug overdose deaths involving methadone,3,"Deaths per 100,000 resident population, crude",2,Total,0,All persons,0.1,1999,1,All ages,1.1,0.3,
3381,Drug overdose death rates,Drug overdose deaths involving methadone,3,"Deaths per 100,000 resident population, crude",2,Total,0,All persons,0.1,2000,2,All ages,1.1,0.4,
3382,Drug overdose death rates,Drug overdose deaths involving methadone,3,"Deaths per 100,000 resident population, crude",2,Total,0,All persons,0.1,2001,3,All ages,1.1,0.5,
3383,Drug overdose death rates,Drug overdose deaths involving methadone,3,"Deaths per 100,000 resident population, crude",2,Total,0,All persons,0.1,2002,4,All ages,1.1,0.8,
3384,Drug overdose death rates,Drug overdose deaths involving methadone,3,"Deaths per 100,000 resident population, crude",2,Total,0,All persons,0.1,2003,5,All ages,1.1,1.0,
3385,Drug overdose death rates,Drug overdose deaths involving methadone,3,"Deaths per 100,000 resident population, crude",2,Total,0,All persons,0.1,2004,6,All ages,1.1,1.3,
3386,Drug overdose death rates,Drug overdose deaths involving methadone,3,"Deaths per 100,000 resident population, crude",2,Total,0,All persons,0.1,2005,7,All ages,1.1,1.5,
3387,Drug overdose death rates,Drug overdose deaths involving methadone,3,"Deaths per 100,000 resident population, crude",2,Total,0,All persons,0.1,2006,8,All ages,1.1,1.8,
3388,Drug overdose death rates,Drug overdose deaths involving methadone,3,"Deaths per 100,000 resident population, crude",2,Total,0,All persons,0.1,2007,9,All ages,1.1,1.8,
3389,Drug overdose death rates,Drug overdose deaths involving methadone,3,"Deaths per 100,000 resident population, crude",2,Total,0,All persons,0.1,2008,10,All ages,1.1,1.6,
3390,Drug overdose death rates,Drug overdose deaths involving methadone,3,"Deaths per 100,000 resident population, crude",2,Total,0,All persons,0.1,2009,11,All ages,1.1,1.5,
3391,Drug overdose death rates,Drug overdose deaths involving methadone,3,"Deaths per 100,000 resident population, crude",2,Total,0,All persons,0.1,2010,12,All ages,1.1,1.5,
3392,Drug overdose death rates,Drug overdose deaths involving methadone,3,"Deaths per 100,000 resident population, crude",2,Total,0,All persons,0.1,2011,13,All ages,1.1,1.4,
3393,Drug overdose death rates,Drug overdose deaths involving methadone,3,"Deaths per 100,000 resident population, crude",2,Total,0,All persons,0.1,2012,14,All ages,1.1,1.3,
3394,Drug overdose death rates,Drug overdose deaths involving methadone,3,"Deaths per 100,000 resident population, crude",2,Total,0,All persons,0.1,2013,15,All ages,1.1,1.1,
3395,Drug overdose death rates,Drug overdose deaths involving methadone,3,"Deaths per 100,000 resident population, crude",2,Total,0,All persons,0.1,2016,18,All ages,1.1,1.0,
3396,Drug overdose death rates,Drug overdose deaths involving methadone,3,"Deaths per 100,000 resident population, crude",2,Total,0,All persons,0.1,2017,19,All ages,1.1,1.0,
3948,Drug overdose death rates,Drug overdose deaths involving other synthetic opioids (other than methadone),4,"Deaths per 100,000 resident population, age-adjusted",1,Total,0,All persons,0.1,1999,1,All ages,1.1,0.3,
3949,Drug overdose death rates,Drug overdose deaths involving other synthetic opioids (other than methadone),4,"Deaths per 100,000 resident population, age-adjusted",1,Total,0,All persons,0.1,2000,2,All ages,1.1,0.3,
3950,Drug overdose death rates,Drug overdose deaths involving other synthetic opioids (other than methadone),4,"Deaths per 100,000 resident population, age-adjusted",1,Total,0,All persons,0.1,2001,3,All ages,1.1,0.3,
3951,Drug overdose death rates,Drug overdose deaths involving other synthetic opioids (other than methadone),4,"Deaths per 100,000 resident population, age-adjusted",1,Total,0,All persons,0.1,2002,4,All ages,1.1,0.4,
3952,Drug overdose death rates,Drug overdose deaths involving other synthetic opioids (other than methadone),4,"Deaths per 100,000 resident population, age-adjusted",1,Total,0,All persons,0.1,2003,5,All ages,1.1,0.5,
3953,Drug overdose death rates,Drug overdose deaths involving other synthetic opioids (other than methadone),4,"Deaths per 100,000 resident population, age-adjusted",1,Total,0,All persons,0.1,2004,6,All ages,1.1,0.6,
3954,Drug overdose death rates,Drug overdose deaths involving other synthetic opioids (other than methadone),4,"Deaths per 100,000 resident population, age-adjusted",1,Total,0,All persons,0.1,2005,7,All ages,1.1,0.6,
3955,Drug overdose death rates,Drug overdose deaths involving other synthetic opioids (other than methadone),4,"Deaths per 100,000 resident population, age-adjusted",1,Total,0,All persons,0.1,2006,8,All ages,1.1,0.9,
3956,Drug overdose death rates,Drug overdose deaths involving other synthetic opioids (other than methadone),4,"Deaths per 100,000 resident population, age-adjusted",1,Total,0,All persons,0.1,2007,9,All ages,1.1,0.7,
3957,Drug overdose death rates,Drug overdose deaths involving other synthetic opioids (other than methadone),4,"Deaths per 100,000 resident population, age-adjusted",1,Total,0,All persons,0.1,2008,10,All ages,1.1,0.8,
3958,Drug overdose death rates,Drug overdose deaths involving other synthetic opioids (other than methadone),4,"Deaths per 100,000 resident population, age-adjusted",1,Total,0,All persons,0.1,2009,11,All ages,1.1,1.0,
3959,Drug overdose death rates,Drug overdose deaths involving other synthetic opioids (other than methadone),4,"Deaths per 100,000 resident population, age-adjusted",1,Total,0,All persons,0.1,2010,12,All ages,1.1,1.0,
3960,Drug overdose death rates,Drug overdose deaths involving other synthetic opioids (other than methadone),4,"Deaths per 100,000 resident population, age-adjusted",1,Total,0,All persons,0.1,2011,13,All ages,1.1,0.8,
3961,Drug overdose death rates,Drug overdose deaths involving other synthetic opioids (other than methadone),4,"Deaths per 100,000 resident population, age-adjusted",1,Total,0,All persons,0.1,2012,14,All ages,1.1,0.8,
3962,Drug overdose death rates,Drug overdose deaths involving other synthetic opioids (other than methadone),4,"Deaths per 100,000 resident population, age-adjusted",1,Total,0,All persons,0.1,2013,15,All ages,1.1,1.0,
3963,Drug overdose death rates,Drug overdose deaths involving other synthetic opioids (other than methadone),4,"Deaths per 100,000 resident population, age-adjusted",1,Total,0,All persons,0.1,2014,16,All ages,1.1,1.8,
3964,Drug overdose death rates,Drug overdose deaths involving other synthetic opioids (other than methadone),4,"Deaths per 100,000 resident population, age-adjusted",1,Total,0,All persons,0.1,2015,17,All ages,1.1,3.1,
3965,Drug overdose death rates,Drug overdose deaths involving other synthetic opioids (other than methadone),4,"Deaths per 100,000 resident population, age-adjusted",1,Total,0,All persons,0.1,2016,18,All ages,1.1,6.2,
3966,Drug overdose death rates,Drug overdose deaths involving other synthetic opioids (other than methadone),4,"Deaths per 100,000 resident population, age-adjusted",1,Total,0,All persons,0.1,2017,19,All ages,1.1,9.0,
4372,Drug overdose death rates,Drug overdose deaths involving other synthetic opioids (other than methadone),4,"Deaths per 100,000 resident population, crude",2,Total,0,All persons,0.1,1999,1,All ages,1.1,0.3,
4373,Drug overdose death rates,Drug overdose deaths involving other synthetic opioids (other than methadone),4,"Deaths per 100,000 resident population, crude",2,Total,0,All persons,0.1,2000,2,All ages,1.1,0.3,
4374,Drug overdose death rates,Drug overdose deaths involving other synthetic opioids (other than methadone),4,"Deaths per 100,000 resident population, crude",2,Total,0,All persons,0.1,2001,3,All ages,1.1,0.3,
4375,Drug overdose death rates,Drug overdose deaths involving other synthetic opioids (other than methadone),4,"Deaths per 100,000 resident population, crude",2,Total,0,All persons,0.1,2002,4,All ages,1.1,0.5,
4376,Drug overdose death rates,Drug overdose deaths involving other synthetic opioids (other than methadone),4,"Deaths per 100,000 resident population, crude",2,Total,0,All persons,0.1,2003,5,All ages,1.1,0.5,
4377,Drug overdose death rates,Drug overdose deaths involving other synthetic opioids (other than methadone),4,"Deaths per 100,000 resident population, crude",2,Total,0,All persons,0.1,2004,6,All ages,1.1,0.6,
4378,Drug overdose death rates,Drug overdose deaths involving other synthetic opioids (other than methadone),4,"Deaths per 100,000 resident population, crude",2,Total,0,All persons,0.1,2005,7,All ages,1.1,0.6,
4379,Drug overdose death rates,Drug overdose deaths involving other synthetic opioids (other than methadone),4,"Deaths per 100,000 resident population, crude",2,Total,0,All persons,0.1,2006,8,All ages,1.1,0.9,
4380,Drug overdose death rates,Drug overdose deaths involving other synthetic opioids (other than methadone),4,"Deaths per 100,000 resident population, crude",2,Total,0,All persons,0.1,2007,9,All ages,1.1,0.7,
4381,Drug overdose death rates,Drug overdose deaths involving other synthetic opioids (other than methadone),4,"Deaths per 100,000 resident population, crude",2,Total,0,All persons,0.1,2008,10,All ages,1.1,0.8,
4382,Drug overdose death rates,Drug overdose deaths involving other synthetic opioids (other than methadone),4,"Deaths per 100,000 resident population, crude",2,Total,0,All persons,0.1,2009,11,All ages,1.1,1.0,
4383,Drug overdose death rates,Drug overdose deaths involving other synthetic opioids (other than methadone),4,"Deaths per 100,000 resident population, crude",2,Total,0,All persons,0.1,2010,12,All ages,1.1,1.0,
4384,Drug overdose death rates,Drug overdose deaths involving other synthetic opioids (other than methadone),4,"Deaths per 100,000 resident population, crude",2,Total,0,All persons,0.1,2011,13,All ages,1.1,0.9,
4385,Drug overdose death rates,Drug overdose deaths involving other synthetic opioids (other than methadone),4,"Deaths per 100,000 resident population, crude",2,Total,0,All persons,0.1,2012,14,All ages,1.1,0.8,
4386,Drug overdose death rates,Drug overdose deaths involving other synthetic opioids (other than methadone),4,"Deaths per 100,000 resident population, crude",2,Total,0,All persons,0.1,2013,15,All ages,1.1,1.0,
4387,Drug overdose death rates,Drug overdose deaths involving other synthetic opioids (other than methadone),4,"Deaths per 100,000 resident population, crude",2,Total,0,All persons,0.1,2014,16,All ages,1.1,1.7,
4388,Drug overdose death rates,Drug overdose deaths involving other synthetic opioids (other than methadone),4,"Deaths per 100,000 resident population, crude",2,Total,0,All persons,0.1,2015,17,All ages,1.1,3.0,
4389,Drug overdose death rates,Drug overdose deaths involving other synthetic opioids (other than methadone),4,"Deaths per 100,000 resident population, crude",2,Total,0,All persons,0.1,2016,18,All ages,1.1,6.0,
4390,Drug overdose death rates,Drug overdose deaths involving other synthetic opioids (other than methadone),4,"Deaths per 100,000 resident population, crude",2,Total,0,All persons,0.1,2017,19,All ages,1.1,8.7,
4448,Drug overdose death rates,Drug overdose deaths involving heroin,5,"Deaths per 100,000 resident population, age-adjusted",1,Total,0,All persons,0.1,2013,15,All ages,1.1,2.7,
4476,Drug overdose death rates,Drug overdose deaths involving heroin,5,"Deaths per 100,000 resident population, age-adjusted",1,Total,0,All persons,0.1,2014,16,All ages,1.1,3.4,
4504,Drug overdose death rates,Drug overdose deaths involving heroin,5,"Deaths per 100,000 resident population, age-adjusted",1,Total,0,All persons,0.1,2015,17,All ages,1.1,4.1,
4532,Drug overdose death rates,Drug overdose deaths involving heroin,5,"Deaths per 100,000 resident population, age-adjusted",1,Total,0,All persons,0.1,2016,18,All ages,1.1,4.9,
4770,Drug overdose death rates,Drug overdose deaths involving heroin,5,"Deaths per 100,000 resident population, age-adjusted",1,Total,0,All persons,0.1,2017,19,All ages,1.1,4.9,
4941,Drug overdose death rates,Drug overdose deaths involving heroin,5,"Deaths per 100,000 resident population, age-adjusted",1,Total,0,All persons,0.1,1999,1,All ages,1.1,0.7,
4942,Drug overdose death rates,Drug overdose deaths involving heroin,5,"Deaths per 100,000 resident population, age-adjusted",1,Total,0,All persons,0.1,2000,2,All ages,1.1,0.7,
4943,Drug overdose death rates,Drug overdose deaths involving heroin,5,"Deaths per 100,000 resident population, age-adjusted",1,Total,0,All persons,0.1,2001,3,All ages,1.1,0.6,
4944,Drug overdose death rates,Drug overdose deaths involving heroin,5,"Deaths per 100,000 resident population, age-adjusted",1,Total,0,All persons,0.1,2002,4,All ages,1.1,0.7,
4945,Drug overdose death rates,Drug overdose deaths involving heroin,5,"Deaths per 100,000 resident population, age-adjusted",1,Total,0,All persons,0.1,2003,5,All ages,1.1,0.7,
4946,Drug overdose death rates,Drug overdose deaths involving heroin,5,"Deaths per 100,000 resident population, age-adjusted",1,Total,0,All persons,0.1,2004,6,All ages,1.1,0.6,
4947,Drug overdose death rates,Drug overdose deaths involving heroin,5,"Deaths per 100,000 resident population, age-adjusted",1,Total,0,All persons,0.1,2005,7,All ages,1.1,0.7,
4948,Drug overdose death rates,Drug overdose deaths involving heroin,5,"Deaths per 100,000 resident population, age-adjusted",1,Total,0,All persons,0.1,2006,8,All ages,1.1,0.7,
4949,Drug overdose death rates,Drug overdose deaths involving heroin,5,"Deaths per 100,000 resident population, age-adjusted",1,Total,0,All persons,0.1,2007,9,All ages,1.1,0.8,
4950,Drug overdose death rates,Drug overdose deaths involving heroin,5,"Deaths per 100,000 resident population, age-adjusted",1,Total,0,All persons,0.1,2008,10,All ages,1.1,1.0,
4951,Drug overdose death rates,Drug overdose deaths involving heroin,5,"Deaths per 100,000 resident population, age-adjusted",1,Total,0,All persons,0.1,2009,11,All ages,1.1,1.1,
4952,Drug overdose death rates,Drug overdose deaths involving heroin,5,"Deaths per 100,000 resident population, age-adjusted",1,Total,0,All persons,0.1,2010,12,All ages,1.1,1.0,
4953,Drug overdose death rates,Drug overdose deaths involving heroin,5,"Deaths per 100,000 resident population, age-adjusted",1,Total,0,All persons,0.1,2011,13,All ages,1.1,1.4,
4954,Drug overdose death rates,Drug overdose deaths involving heroin,5,"Deaths per 100,000 resident population, age-adjusted",1,Total,0,All persons,0.1,2012,14,All ages,1.1,1.9,
5129,Drug overdose death rates,Drug overdose deaths involving heroin,5,"Deaths per 100,000 resident population, crude",2,Total,0,All persons,0.1,1999,1,All ages,1.1,0.7,
5157,Drug overdose death rates,Drug overdose deaths involving heroin,5,"Deaths per 100,000 resident population, crude",2,Total,0,All persons,0.1,2000,2,All ages,1.1,0.7,
5183,Drug overdose death rates,Drug overdose deaths involving heroin,5,"Deaths per 100,000 resident population, crude",2,Total,0,All persons,0.1,2001,3,All ages,1.1,0.6,
5209,Drug overdose death rates,Drug overdose deaths involving heroin,5,"Deaths per 100,000 resident population, crude",2,Total,0,All persons,0.1,2002,4,All ages,1.1,0.7,
5258,Drug overdose death rates,Drug overdose deaths involving heroin,5,"Deaths per 100,000 resident population, crude",2,Total,0,All persons,0.1,2003,5,All ages,1.1,0.7,
5284,Drug overdose death rates,Drug overdose deaths involving heroin,5,"Deaths per 100,000 resident population, crude",2,Total,0,All persons,0.1,2004,6,All ages,1.1,0.6,
5310,Drug overdose death rates,Drug overdose deaths involving heroin,5,"Deaths per 100,000 resident population, crude",2,Total,0,All persons,0.1,2005,7,All ages,1.1,0.7,
5359,Drug overdose death rates,Drug overdose deaths involving heroin,5,"Deaths per 100,000 resident population, crude",2,Total,0,All persons,0.1,2006,8,All ages,1.1,0.7,
5360,Drug overdose death rates,Drug overdose deaths involving heroin,5,"Deaths per 100,000 resident population, crude",2,Total,0,All persons,0.1,2007,9,All ages,1.1,0.8,
5361,Drug overdose death rates,Drug overdose deaths involving heroin,5,"Deaths per 100,000 resident population, crude",2,Total,0,All persons,0.1,2008,10,All ages,1.1,1.0,
5362,Drug overdose death rates,Drug overdose deaths involving heroin,5,"Deaths per 100,000 resident population, crude",2,Total,0,All persons,0.1,2009,11,All ages,1.1,1.1,
5363,Drug overdose death rates,Drug overdose deaths involving heroin,5,"Deaths per 100,000 resident population, crude",2,Total,0,All persons,0.1,2010,12,All ages,1.1,1.0,
5364,Drug overdose death rates,Drug overdose deaths involving heroin,5,"Deaths per 100,000 resident population, crude",2,Total,0,All persons,0.1,2011,13,All ages,1.1,1.4,
5365,Drug overdose death rates,Drug overdose deaths involving heroin,5,"Deaths per 100,000 resident population, crude",2,Total,0,All persons,0.1,2012,14,All ages,1.1,1.9,
5366,Drug overdose death rates,Drug overdose deaths involving heroin,5,"Deaths per 100,000 resident population, crude",2,Total,0,All persons,0.1,2013,15,All ages,1.1,2.6,
5367,Drug overdose death rates,Drug overdose deaths involving heroin,5,"Deaths per 100,000 resident population, crude",2,Total,0,All persons,0.1,2014,16,All ages,1.1,3.3,
5368,Drug overdose death rates,Drug overdose deaths involving heroin,5,"Deaths per 100,000 resident population, crude",2,Total,0,All persons,0.1,2015,17,All ages,1.1,4.0,
5369,Drug overdose death rates,Drug overdose deaths involving heroin,5,"Deaths per 100,000 resident population, crude",2,Total,0,All persons,0.1,2016,18,All ages,1.1,4.8,
5370,Drug overdose death rates,Drug overdose deaths involving heroin,5,"Deaths per 100,000 resident population, crude",2,Total,0,All persons,0.1,2017,19,All ages,1.1,4.8,
5922,Drug overdose death rates,All drug overdose deaths,0,"Deaths per 100,000 resident population, age-adjusted",1,Total,0,All persons,0.1,2018,20,All ages,1.1,20.7,
5943,Drug overdose death rates,All drug overdose deaths,0,"Deaths per 100,000 resident population, crude",2,Total,0,All persons,0.1,2018,20,All ages,1.1,20.6,
5973,Drug overdose death rates,Drug overdose deaths involving any opioid,1,"Deaths per 100,000 resident population, age-adjusted",1,Total,0,All persons,0.1,2018,20,All ages,1.1,14.6,
5994,Drug overdose death rates,Drug overdose deaths involving any opioid,1,"Deaths per 100,000 resident population, crude",2,Total,0,All persons,0.1,2018,20,All ages,1.1,14.3,
6024,Drug overdose death rates,Drug overdose deaths involving natural and semisynthetic opioids,2,"Deaths per 100,000 resident population, age-adjusted",1,Total,0,All persons,0.1,2018,20,All ages,1.1,3.8,
6045,Drug overdose death rates,Drug overdose deaths involving natural and semisynthetic opioids,2,"Deaths per 100,000 resident population, crude",2,Total,0,All persons,0.1,2018,20,All ages,1.1,3.8,
6075,Drug overdose death rates,Drug overdose deaths involving methadone,3,"Deaths per 100,000 resident population, age-adjusted",1,Total,0,All persons,0.1,2018,20,All ages,1.1,0.9,
6096,Drug overdose death rates,Drug overdose deaths involving methadone,3,"Deaths per 100,000 resident population, crude",2,Total,0,All persons,0.1,2018,20,All ages,1.1,0.9,
6126,Drug overdose death rates,Drug overdose deaths involving other synthetic opioids (other than methadone),4,"Deaths per 100,000 resident population, age-adjusted",1,Total,0,All persons,0.1,2018,20,All ages,1.1,9.9,
6147,Drug overdose death rates,Drug overdose deaths involving other synthetic opioids (other than methadone),4,"Deaths per 100,000 resident population, crude",2,Total,0,All persons,0.1,2018,20,All ages,1.1,9.6,
6177,Drug overdose death rates,Drug overdose deaths involving heroin,5,"Deaths per 100,000 resident population, age-adjusted",1,Total,0,All persons,0.1,2018,20,All ages,1.1,4.7,
6198,Drug overdose death rates,Drug overdose deaths involving heroin,5,"Deaths per 100,000 resident population, crude",2,Total,0,All persons,0.1,2018,20,All ages,1.1,4.6,
